Card Name,Box Name
Charizard (1st Edition Shadowless),1st Edition Base Set Rares!
Blastoise (1st Edition Shadowless),1st Edition Base Set Rares!
Venusaur (1st Edition Shadowless),1st Edition Base Set Rares!
Mewtwo (1st Edition Shadowless),1st Edition Base Set Rares!
Alakazam (1st Edition Shadowless),1st Edition Base Set Rares!
Poliwrath (1st Edition Shadowless),1st Edition Base Set Rares!
Raichu (1st Edition Shadowless),1st Edition Base Set Rares!
Hitmonchan (1st Edition Shadowless),1st Edition Base Set Rares!
Nidoking (1st Edition Shadowless),1st Edition Base Set Rares!
Clefairy Doll (1st Edition Shadowless),1st Edition Base Set Rares!
Scoop Up (1st Edition Shadowless),1st Edition Base Set Rares!
Pokémon Trader (1st Edition Shadowless),1st Edition Base Set Rares!
Item Finder (1st Edition Shadowless),1st Edition Base Set Rares!
Pokémon Breeder (1st Edition Shadowless),1st Edition Base Set Rares!
Umbreon VMAX,Maximum VMAX
Rayquaza VMAX,Maximum VMAX
Charizard VMAX,Maximum VMAX
Gengar VMAX,Maximum VMAX
Blaziken VMAX,Maximum VMAX
Leafeon VMAX,Maximum VMAX
Glaceon VMAX,Maximum VMAX
Sylveon VMAX,Maximum VMAX
Espeon VMAX,Maximum VMAX
Pikachu VMAX,Maximum VMAX
Charizard VMAX,Maximum VMAX
Charizard-GX,"I Choose You, Charizard!"
Charizard-GX,"I Choose You, Charizard!"
Charizard VMAX,"I Choose You, Charizard!"
Charizard V,"I Choose You, Charizard!"
Charizard V,"I Choose You, Charizard!"
Charizard VMAX,"I Choose You, Charizard!"
Charizard VSTAR,"I Choose You, Charizard!"
Charizard VMAX,"I Choose You, Charizard!"
Charizard VMAX,"I Choose You, Charizard!"
Charizard ex,"I Choose You, Charizard!"
Dragonite (1st Edition),1st Edition Fossil Rares!
Gengar (1st Edition),1st Edition Fossil Rares!
Hitmonlee (1st Edition),1st Edition Fossil Rares!
Moltres (1st Edition),1st Edition Fossil Rares!
Lapras (1st Edition),1st Edition Fossil Rares!
Articuno (1st Edition),1st Edition Fossil Rares!
Aerodactyl (1st Edition),1st Edition Fossil Rares!
Ditto (1st Edition),1st Edition Fossil Rares!
Haunter (1st Edition),1st Edition Fossil Rares!
Raichu (1st Edition),1st Edition Fossil Rares!
Zapdos (1st Edition),1st Edition Fossil Rares!
Kabutops (1st Edition),1st Edition Fossil Rares!
Hypno (1st Edition),1st Edition Fossil Rares!
Muk (1st Edition),1st Edition Fossil Rares!
Magneton (1st Edition),1st Edition Fossil Rares!
Ditto (1st Edition),1st Edition Fossil Rares!
Muk (1st Edition),1st Edition Fossil Rares!
Magneton (1st Edition),1st Edition Fossil Rares!
Haunter (1st Edition),1st Edition Fossil Rares!
Hitmonlee (1st Edition),1st Edition Fossil Rares!
Generations Elite Trainer Box!,Elite Trainers Only!
Unbroken Bonds Elite Trainer Box!,Elite Trainers Only!
Dragon Majesty Elite Trainer Box!,Elite Trainers Only!
Cosmic Eclipse Elite Trainer Box!,Elite Trainers Only!
Celestial Storm Elite Trainer Box!,Elite Trainers Only!
Unified Minds Elite Trainer Box,Elite Trainers Only!
Shining Legends Elite Trainer Box!,Elite Trainers Only!
Fates Collide Elite Trainer Box!,Elite Trainers Only!
Lost Thunder Elite Trainer Box!,Elite Trainers Only!
Hidden Fates Elite Trainer Box!,Elite Trainers Only!
Forbidden Light Elite Trainer Box!,Elite Trainers Only!
Rebel Clash Elite Trainer Box!,Elite Trainers Only!
Guardians Rising Elite Trainer Box!,Elite Trainers Only!
Champion's Path Elite Trainer Box!,Elite Trainers Only!
Burning Shadows Elite Trainer Box!,Elite Trainers Only!
Celebrations Elite Trainer Box!,Elite Trainers Only!
151 - Booster Pack!,Elite Trainers Only!
Shining Fates - Booster Pack!,Elite Trainers Only!
Crown Zenith - Booster Pack!,Elite Trainers Only!
Scarlet & Violet - Booster Pack!,Elite Trainers Only!
Snorlax (1st Edition),1st Edition Jungle Rares!
Vaporeon (1st Edition),1st Edition Jungle Rares!
 Jolteon (1st Edition),1st Edition Jungle Rares!
Flareon (1st Edition),1st Edition Jungle Rares!
Scyther (1st Edition),1st Edition Jungle Rares!
Nidoqueen (1st Edition),1st Edition Jungle Rares!
Victreebel (1st Edition),1st Edition Jungle Rares!
Pidgeot (1st Edition),1st Edition Jungle Rares!
Pinsir,1st Edition Jungle Rares!
Clefable (1st Edition),1st Edition Jungle Rares!
Venomoth (1st Edition),1st Edition Jungle Rares!
Electrode (1st Edition),1st Edition Jungle Rares!
Mr. Mime (1st Edition),1st Edition Jungle Rares!
Vileplume (1st Edition),1st Edition Jungle Rares!
Kangaskhan (1st Edition),1st Edition Jungle Rares!
Wigglytuff (1st Edition),1st Edition Jungle Rares!
Clefable (1st Edition),1st Edition Jungle Rares!
Wigglytuff (1st Edition),1st Edition Jungle Rares!
Pinsir (1st Edition),1st Edition Jungle Rares!
Venomoth (1st Edition),1st Edition Jungle Rares!
Latias & Latios-GX,Tag Team Champions!
Gengar & Mimikyu-GX,Tag Team Champions!
Magikarp & Wailord-GX,Tag Team Champions!
Gardevoir & Sylveon-GX,Tag Team Champions!
Arceus & Dialga & Palkia-GX,Tag Team Champions!
Blastoise & Piplup-GX,Tag Team Champions!
Mega Sableye & Tyranitar-GX,Tag Team Champions!
Solgaleo & Lunala-GX,Tag Team Champions!
Raichu & Alolan Raichu-GX,Tag Team Champions!
Marshadow & Machamp-GX,Tag Team Champions!
Reshiram & Zekrom-GX,Tag Team Champions!
Greninja & Zoroark-GX,Tag Team Champions!
Mega Lopunny & Jigglypuff-GX,Tag Team Champions!
Slowpoke & Psyduck-GX,Tag Team Champions!
Mewtwo & Mew-GX,Tag Team Champions!
Eevee & Snorlax-GX,Tag Team Champions!
Rowlet & Alolan Exeggutor-GX,Tag Team Champions!
Umbreon & Darkrai-GX,Tag Team Champions!
Naganadel & Guzzlord-GX,Tag Team Champions!
Muk & Alolan Muk-GX,Tag Team Champions!
Reshiram & Charizard-GX,Tag Team Champions!
Pheromosa & Buzzwole-GX,Tag Team Champions!
Pikachu & Zekrom-GX,Tag Team Champions!
Charizard & Braixen-GX,Tag Team Champions!
Celebi & Venusaur-GX,Tag Team Champions!
Espeon & Deoxys-GX,Tag Team Champions!
Venusaur & Snivy-GX,Tag Team Champions!
Garchomp & Giratina-GX,Tag Team Champions!
Moltres & Zapdos & Articuno-GX,Tag Team Champions!
Lucario & Melmetal-GX,Tag Team Champions!
Togepi & Cleffa & Igglybuff-GX,Tag Team Champions!
Trevenant & Dusknoir-GX,Tag Team Champions!
Suicune ★,The Legendary Beast Hunt
Raikou ★,The Legendary Beast Hunt
Entei ★,The Legendary Beast Hunt
Rocket's Suicune ex,The Legendary Beast Hunt
Entei-EX,The Legendary Beast Hunt
Raikou ex,The Legendary Beast Hunt
Rocket's Raikou ex,The Legendary Beast Hunt
Suicune,The Legendary Beast Hunt
Raikou V,The Legendary Beast Hunt
Suicune V,The Legendary Beast Hunt
Raikou V,The Legendary Beast Hunt
Suicune V,The Legendary Beast Hunt
Entei-GX,The Legendary Beast Hunt
Entei V,The Legendary Beast Hunt
Raikou,The Legendary Beast Hunt
Suicune,The Legendary Beast Hunt
Entei-GX,The Legendary Beast Hunt
Entei,The Legendary Beast Hunt
Mewtwo & Mew-GX,Tag Team Secrets!
Eevee & Snorlax-GX,Tag Team Secrets!
Reshiram & Charizard-GX,Tag Team Secrets!
Gengar & Mimikyu-GX,Tag Team Secrets!
Pikachu & Zekrom-GX,Tag Team Secrets!
Latias & Latios-GX,Tag Team Secrets!
Charizard & Braixen-GX,Tag Team Secrets!
Gardevoir & Sylveon-GX,Tag Team Secrets!
Reshiram & Zekrom-GX,Tag Team Secrets!
Slowpoke & Psyduck-GX,Tag Team Secrets!
Raichu & Alolan Raichu-GX,Tag Team Secrets!
Celebi & Venusaur-GX,Tag Team Secrets!
Solgaleo & Lunala-GX,Tag Team Secrets!
Blastoise & Piplup-GX,Tag Team Secrets!
Mega Sableye & Tyranitar-GX,Tag Team Secrets!
Magikarp & Wailord-GX,Tag Team Secrets!
Garchomp & Giratina-GX,Tag Team Secrets!
Greninja & Zoroark-GX,Tag Team Secrets!
Mega Lopunny & Jigglypuff-GX,Tag Team Secrets!
Arceus & Dialga & Palkia-GX,Tag Team Secrets!
Lucario & Melmetal-GX,Tag Team Secrets!
Venusaur & Snivy-GX,Tag Team Secrets!
Marshadow & Machamp-GX,Tag Team Secrets!
Rowlet & Alolan Exeggutor-GX,Tag Team Secrets!
Muk & Alolan Muk-GX,Tag Team Secrets!
Moltres & Zapdos & Articuno-GX,Tag Team Secrets!
Naganadel & Guzzlord-GX,Tag Team Secrets!
Pheromosa & Buzzwole-GX,Tag Team Secrets!
Charizard-GX,Welcome to the Gallery!
Umbreon-GX,Welcome to the Gallery!
Sylveon-GX,Welcome to the Gallery!
Cynthia,Welcome to the Gallery!
Giratina VSTAR,Welcome to the Gallery!
Arceus VSTAR,Welcome to the Gallery!
Charizard,Welcome to the Gallery!
Origin Forme Dialga VSTAR,Welcome to the Gallery!
Mewtwo VSTAR,Welcome to the Gallery!
Starmie V,Welcome to the Gallery!
Origin Forme Palkia VSTAR,Welcome to the Gallery!
Leafeon-GX,Welcome to the Gallery!
Pikachu VMAX,Welcome to the Gallery!
Sylveon-EX,Welcome to the Gallery!
Flareon-EX,Welcome to the Gallery!
Pikachu V,Welcome to the Gallery!
Rayquaza VMAX,Welcome to the Gallery!
Umbreon VMAX,Welcome to the Gallery!
M Gardevoir-EX,Welcome to the Gallery!
Umbreon V,Welcome to the Gallery!
Pikachu,Welcome to the Gallery!
Garchomp V,Welcome to the Gallery!
Sylveon-EX,Welcome to the Gallery!
Sordward & Shielbert,Welcome to the Gallery!
Mimikyu V,Welcome to the Gallery!
Sylveon V,Welcome to the Gallery!
Sylveon VMAX,Welcome to the Gallery!
Umbreon ★,Welcome to the Gallery!
Shining Magikarp,Welcome to the Gallery!
Boss's Orders,Welcome to the Gallery!
Blaziken V,Welcome to the Gallery!
Blaziken VMAX,Welcome to the Gallery!
M Rayquaza-EX,Welcome to the Gallery!
Galarian Moltres V,Welcome to the Gallery!
Mew VMAX,Welcome to the Gallery!
Friends in Galar,Welcome to the Gallery!
Eternatus VMAX,Welcome to the Gallery!
Zacian V,Welcome to the Gallery!
Shadow Rider Calyrex VMAX,Welcome to the Gallery!
_____'s Pikachu,Welcome to the Gallery!
Charizard,Legendary Collections!
Dark Blastoise,Legendary Collections!
Venusaur,Legendary Collections!
Gengar,Legendary Collections!
Alakazam,Legendary Collections!
Dark Dragonite,Legendary Collections!
Flareon,Legendary Collections!
Dark Raichu,Legendary Collections!
Jolteon,Legendary Collections!
Zapdos,Legendary Collections!
Articuno,Legendary Collections!
Dark Slowbro,Legendary Collections!
Dark Persian,Legendary Collections!
Gyarados,Legendary Collections!
Hitmonlee,Legendary Collections!
Ninetales,Legendary Collections!
Machamp,Legendary Collections!
Muk,Legendary Collections!
Kabutops,Legendary Collections!
Jynx,Legendary Collections!
Butterfree,Legendary Collections!
Magneton,Legendary Collections!
Gastly,Legendary Collections!
Giratina V,Legendary Pokemon!
M Rayquaza-EX,Legendary Pokemon!
Latias & Latios-GX,Legendary Pokemon!
Lugia-EX,Legendary Pokemon!
Primal Kyogre-EX,Legendary Pokemon!
Ho-Oh-EX,Legendary Pokemon!
Latias-EX,Legendary Pokemon!
Latios-EX,Legendary Pokemon!
Primal Groudon-EX,Legendary Pokemon!
Armored Mewtwo,Legendary Pokemon!
Origin Forme Dialga V,Legendary Pokemon!
Origin Forme Palkia V,Legendary Pokemon!
Articuno-GX,Legendary Pokemon!
Arceus V,Legendary Pokemon!
Zapdos ex,Legendary Pokemon!
Moltres & Zapdos & Articuno-GX,Legendary Pokemon!
Cobalion,Legendary Pokemon!
Moltres,Legendary Pokemon!
Entei V,Legendary Pokemon!
Cresselia,Legendary Pokemon!
Suicune,Legendary Pokemon!
Heatran VMAX,Legendary Pokemon!
Regigigas,Legendary Pokemon!
Regirock-EX,Legendary Pokemon!
Special Delivery Bidoof,Sword and Shield Black Star Promo!
Special Delivery Pikachu,Sword and Shield Black Star Promo!
Special Delivery Charizard,Sword and Shield Black Star Promo!
Charizard,Sword and Shield Black Star Promo!
Vaporeon V,Sword and Shield Black Star Promo!
Pikachu V,Sword and Shield Black Star Promo!
Vaporeon VMAX,Sword and Shield Black Star Promo!
Pikachu,Sword and Shield Black Star Promo!
Gengar,Sword and Shield Black Star Promo!
Jolteon V,Sword and Shield Black Star Promo!
Jolteon VMAX,Sword and Shield Black Star Promo!
Marnie,Sword and Shield Black Star Promo!
Flareon VMAX,Sword and Shield Black Star Promo!
Flareon V,Sword and Shield Black Star Promo!
Lugia,Sword and Shield Black Star Promo!
Blastoise VMAX,Sword and Shield Black Star Promo!
Charizard VMAX,Sword and Shield Black Star Promo!
Snorlax,Sword and Shield Black Star Promo!
Venusaur VMAX,Sword and Shield Black Star Promo!
Charizard VSTAR,Sword and Shield Black Star Promo!
Luxray,Sword and Shield Black Star Promo!
Kangaskhan,Sword and Shield Black Star Promo!
Arceus V,Sword and Shield Black Star Promo!
Blastoise V,Sword and Shield Black Star Promo!
Rillaboom,Sword and Shield Black Star Promo!
Arceus VSTAR,Sword and Shield Black Star Promo!
Cinccino,Sword and Shield Black Star Promo!
Poké Ball,Sword and Shield Black Star Promo!
Houndoom,Sword and Shield Black Star Promo!
Radiant Eevee,Sword and Shield Black Star Promo!
Gengar & Mimikyu-GX,Tag Team Debut!
Charizard & Braixen-GX,Tag Team Debut!
Pikachu & Zekrom-GX,Tag Team Debut!
Mewtwo & Mew-GX,Tag Team Debut!
Reshiram & Charizard-GX,Tag Team Debut!
Eevee & Snorlax-GX,Tag Team Debut!
Slowpoke & Psyduck-GX,Tag Team Debut!
Magikarp & Wailord-GX,Tag Team Debut!
Garchomp & Giratina-GX,Tag Team Debut!
Latias & Latios-GX,Tag Team Debut!
Gardevoir & Sylveon-GX,Tag Team Debut!
Marshadow & Machamp-GX,Tag Team Debut!
Blastoise & Piplup-GX,Tag Team Debut!
Arceus & Dialga & Palkia-GX,Tag Team Debut!
Raichu & Alolan Raichu-GX,Tag Team Debut!
Mega Sableye & Tyranitar-GX,Tag Team Debut!
Celebi & Venusaur-GX,Tag Team Debut!
Lucario & Melmetal-GX,Tag Team Debut!
Muk & Alolan Muk-GX,Tag Team Debut!
Mega Lopunny & Jigglypuff-GX,Tag Team Debut!
Venusaur & Snivy-GX,Tag Team Debut!
Moltres & Zapdos & Articuno-GX,Tag Team Debut!
Greninja & Zoroark-GX,Tag Team Debut!
Pheromosa & Buzzwole-GX,Tag Team Debut!
Naganadel & Guzzlord-GX,Tag Team Debut!
Rowlet & Alolan Exeggutor-GX,Tag Team Debut!
Lillie,Empowered Trainers!
Lisia,Empowered Trainers!
Skyla,Empowered Trainers!
Rosa,Empowered Trainers!
Misty's Favor,Empowered Trainers!
Cynthia & Caitlin,Empowered Trainers!
Iris,Empowered Trainers!
Bianca,Empowered Trainers!
Lusamine,Empowered Trainers!
Cynthia,Empowered Trainers!
Professor Juniper,Empowered Trainers!
Iono,Empowered Trainers!
Jasmine,Empowered Trainers!
Zinnia,Empowered Trainers!
Mina,Empowered Trainers!
Whitney,Empowered Trainers!
Mars,Empowered Trainers!
Dana,Empowered Trainers!
Gardenia,Empowered Trainers!
Evelyn,Empowered Trainers!
Marnie,Empowered Trainers!
Wicke,Empowered Trainers!
TV Reporter,Empowered Trainers!
Diantha,Empowered Trainers!
Pokémon Center Lady,Empowered Trainers!
Welder,Empowered Trainers!
Morgan,Empowered Trainers!
Sonia,Empowered Trainers!
Mela,Empowered Trainers!
Olivia,Empowered Trainers!
Bea,Empowered Trainers!
Melony,Empowered Trainers!
Tulip,Empowered Trainers!
Professor Burnet,Empowered Trainers!
Klara,Empowered Trainers!
Shining Legends Elite Trainer Box!,Collecting Elite Trainer Boxes!
Celebrations Elite Trainer Box!,Collecting Elite Trainer Boxes!
Crimson Invasion Elite Trainer Box!,Collecting Elite Trainer Boxes!
151 Elite Trainer Box!,Collecting Elite Trainer Boxes!
Fusion Strike Elite Trainer Box!,Collecting Elite Trainer Boxes!
Pokemon GO Elite Trainer Box!,Collecting Elite Trainer Boxes!
Vivid Voltage Elite Trainer Box!,Collecting Elite Trainer Boxes!
Crown Zenith Elite Trainer Box!,Collecting Elite Trainer Boxes!
Shining Fates Elite Trainer Box!,Collecting Elite Trainer Boxes!
Lost Origin Elite Trainer Box!,Collecting Elite Trainer Boxes!
Brilliant Stars Elite Trainer Box!,Collecting Elite Trainer Boxes!
Darkness Ablaze Elite Trainer Box!,Collecting Elite Trainer Boxes!
Paldean Fates Elite Trainer Box!,Collecting Elite Trainer Boxes!
Obsidian Flames Elite Trainer Box!,Collecting Elite Trainer Boxes!
Paldea Evolved Elite Trainer Box!,Collecting Elite Trainer Boxes!
Astral Radiance Elite Trainer Box!,Collecting Elite Trainer Boxes!
151 - Booster Pack!,Collecting Elite Trainer Boxes!
Fusion Strike - Booster Pack!,Collecting Elite Trainer Boxes!
Lost Origin - Booster Pack!,Collecting Elite Trainer Boxes!
Brilliant Stars - Booster Pack!,Collecting Elite Trainer Boxes!
Crown Zenith - Booster Pack!,Collecting Elite Trainer Boxes!
Vivid Voltage - Booster Pack!,Collecting Elite Trainer Boxes!
Ultra Prism Elite Trainer Box [Dawn Wings Necrozma]!,Double Elite Trouble!
Ultra Prism Elite Trainer Box [Dusk Mane Necrozma]!,Double Elite Trouble!
Evolving Skies Elite Trainer Box [Flareon/Jolteon/Umbreon/Leafeon]!,Double Elite Trouble!
Evolving Skies Elite Trainer Box [Glaceon/Vaporeon/Sylveon/Espeon]!,Double Elite Trouble!
Sun & Moon Elite Trainer Box [Solgaleo]!,Double Elite Trouble!
Sun & Moon Elite Trainer Box [Lunala]!,Double Elite Trouble!
Sword & Shield Elite Trainer Box [Zacian]!,Double Elite Trouble!
Sword & Shield Elite Trainer Box [Zamazenta]!,Double Elite Trouble!
Chilling Reign Elite Trainer Box [Ice Rider Calyrex]!,Double Elite Trouble!
Chilling Reign Elite Trainer Box [Shadow Rider Calyrex]!,Double Elite Trouble!
Battle Styles Elite Trainer Box [Rapid Strike Urshifu] (Blue)!,Double Elite Trouble!
Scarlet & Violet Elite Trainer Box [Miraidon]!,Double Elite Trouble!
Battle Styles Elite Trainer Box [Single Strike Urshifu] (Red)!,Double Elite Trouble!
Temporal Forces Elite Trainer Box [Iron Leaves]!,Double Elite Trouble!
Paradox Rift Elite Trainer Box [Iron Valiant]!,Double Elite Trouble!
Temporal Forces Elite Trainer Box [Walking Wake]!,Double Elite Trouble!
Paradox Rift Elite Trainer Box [Roaring Moon]!,Double Elite Trouble!
Scarlet & Violet Elite Trainer Box [Koraidon]!,Double Elite Trouble!
Evolving Skies - Booster Pack!,Double Elite Trouble!
Chilling Reign - Booster Pack!,Double Elite Trouble!
Sword & Shield - Booster Pack!,Double Elite Trouble!
Battle Styles - Booster Pack!,Double Elite Trouble!
Paradox Rift - Booster Pack!,Double Elite Trouble!
Scarlet & Violet - Booster Pack!,Double Elite Trouble!
Evolving Skies Pokemon Center Elite Trainer Box [Glaceon/Vaporeon/Sylveon/Espeon] (Exclusive)!,Officer Jenny's Secret Stash!
Celebrations Pokemon Center Elite Trainer Box (Exclusive)!,Officer Jenny's Secret Stash!
Crown Zenith Pokemon Center Elite Trainer Box Plus!,Officer Jenny's Secret Stash!
Scarlet & Violet Pokemon Center Elite Trainer Box (Exclusive) [Koraidon]!,Officer Jenny's Secret Stash!
Chilling Reign Pokemon Center Elite Trainer Box [Ice Rider Calyrex] (Exclusive)!,Officer Jenny's Secret Stash!
Sword & Shield Elite Trainer Box Plus [Zamazenta]!,Officer Jenny's Secret Stash!
Silver Tempest Pokemon Center Elite Trainer Box (Exclusive)!,Officer Jenny's Secret Stash!
Temporal Forces Pokemon Center Elite Trainer Box (Exclusive) [Iron Leaves]!,Officer Jenny's Secret Stash!
Pokemon GO Pokemon Center Elite Trainer Box Plus (Exclusive)!,Officer Jenny's Secret Stash!
Paradox Rift Pokemon Center Elite Trainer Box (Exclusive) [Iron Valiant]!,Officer Jenny's Secret Stash!
Fusion Strike Pokemon Center Elite Trainer Box (Exclusive)!,Officer Jenny's Secret Stash!
Brilliant Stars Pokemon Center Elite Trainer Box (Exclusive)!,Officer Jenny's Secret Stash!
Evolving Skies - Booster Pack!,Officer Jenny's Secret Stash!
Celebrations - Booster Pack!,Officer Jenny's Secret Stash!
Sword & Shield - Booster Pack!,Officer Jenny's Secret Stash!
Fusion Strike - Booster Pack!,Officer Jenny's Secret Stash!
Brilliant Stars - Booster Pack!,Officer Jenny's Secret Stash!
Crown Zenith - Booster Pack!,Officer Jenny's Secret Stash!
Silver Tempest - Booster Pack!,Officer Jenny's Secret Stash!
Scarlet & Violet - Booster Pack!,Officer Jenny's Secret Stash!
Sylveon VMAX,"I Choose You, Eevee!"
Leafeon VMAX,"I Choose You, Eevee!"
Glaceon VMAX,"I Choose You, Eevee!"
Espeon VMAX,"I Choose You, Eevee!"
Espeon V,"I Choose You, Eevee!"
Umbreon V,"I Choose You, Eevee!"
Vaporeon VMAX,"I Choose You, Eevee!"
Glaceon V,"I Choose You, Eevee!"
Jolteon VMAX,"I Choose You, Eevee!"
Umbreon VMAX,"I Choose You, Eevee!"
Flareon VMAX,"I Choose You, Eevee!"
Vaporeon V,"I Choose You, Eevee!"
Sylveon VMAX,"I Choose You, Eevee!"
Sylveon V,"I Choose You, Eevee!"
Leafeon V,"I Choose You, Eevee!"
Flareon V,"I Choose You, Eevee!"
Jolteon V,"I Choose You, Eevee!"
Eevee-GX,"I Choose You, Eevee!"
Eevee,"I Choose You, Eevee!"
Eevee,"I Choose You, Eevee!"
Eevee,"I Choose You, Eevee!"
Evolving Skies Pokemon Center Elite Trainer Box [Jolteon/Flareon/Umbreon/Leafeon] (Exclusive)!,Nurse Joy's Secret Stash!
151 Pokemon Center Elite Trainer Box (Exclusive)!,Nurse Joy's Secret Stash!
Paldean Fates Pokemon Center Elite Trainer Box (Exclusive)!,Nurse Joy's Secret Stash!
Scarlet & Violet Pokemon Center Elite Trainer Box (Exclusive) [Miraidon]!,Nurse Joy's Secret Stash!
Paldea Evolved Pokemon Center Elite Trainer Box (Exclusive)!,Nurse Joy's Secret Stash!
Temporal Forces Pokemon Center Elite Trainer Box (Exclusive) [Walking Wake]!,Nurse Joy's Secret Stash!
Chilling Reign Pokemon Center Elite Trainer Box [Shadow Rider Calyrex] (Exclusive)!,Nurse Joy's Secret Stash!
Sword & Shield Elite Trainer Box Plus [Zacian]!,Nurse Joy's Secret Stash!
Paradox Rift Pokemon Center Elite Trainer Box (Exclusive) [Roaring Moon]!,Nurse Joy's Secret Stash!
Lost Origin Pokemon Center Elite Trainer Box (Exclusive)!,Nurse Joy's Secret Stash!
Obsidian Flames Pokemon Center Elite Trainer Box (Exclusive)!,Nurse Joy's Secret Stash!
Astral Radiance Pokemon Center Elite Trainer Box (Exclusive)!,Nurse Joy's Secret Stash!
Evolving Skies - Booster Pack!,Nurse Joy's Secret Stash!
151 - Booster Pack!,Nurse Joy's Secret Stash!
Sword & Shield - Booster Pack!,Nurse Joy's Secret Stash!
Astral Radiance - Booster Pack!,Nurse Joy's Secret Stash!
Paldea Evolved - Booster Pack!,Nurse Joy's Secret Stash!
Obsidian Flames - Booster Pack!,Nurse Joy's Secret Stash!
Paradox Rift - Booster Pack!,Nurse Joy's Secret Stash!
Scarlet & Violet - Booster Pack!,Nurse Joy's Secret Stash!
Giovanni's Gyarados (1st Edition),The Earth Badge!
Giovanni's Machamp (1st Edition),The Earth Badge!
Giovanni's Nidoking (1st Edition),The Earth Badge!
Giovanni's Persian (1st Edition),The Earth Badge!
Giovanni (1st Edition),The Earth Badge!
Giovanni's Nidoqueen (1st Edition),The Earth Badge!
Giovanni's Pinsir (1st Edition),The Earth Badge!
Giovanni's Machoke (1st Edition),The Earth Badge!
Giovanni's Magikarp (1st Edition),The Earth Badge!
Giovanni's Meowth (1st Edition),The Earth Badge!
Giovanni's Meowth (1st Edition),The Earth Badge!
Giovanni's Nidorina (1st Edition),The Earth Badge!
Giovanni's Nidorino (1st Edition),The Earth Badge!
Giovanni's Machop (1st Edition),The Earth Badge!
Giovanni's Nidoran ♀ (1st Edition),The Earth Badge!
Giovanni's Nidoran ♂ (1st Edition),The Earth Badge!
Charizard ex,Top Shelf 151
Venusaur ex,Top Shelf 151
Zapdos ex,Top Shelf 151
Blastoise ex,Top Shelf 151
Charmander,Top Shelf 151
Charizard ex,Top Shelf 151
Bulbasaur,Top Shelf 151
Erika's Invitation,Top Shelf 151
Alakazam ex,Top Shelf 151
Blastoise ex,Top Shelf 151
Ditto,Top Shelf 151
Roaring Moon ex,Top Shelf Paradox Rift
Groudon,Top Shelf Paradox Rift
Iron Valiant ex,Top Shelf Paradox Rift
Gholdengo ex,Top Shelf Paradox Rift
Altaria ex,Top Shelf Paradox Rift
Iron Hands ex,Top Shelf Paradox Rift
Porygon,Top Shelf Paradox Rift
Evolving Skies Booster Display!,Welcome to Galar!
Sword & Shield Booster Display!,Welcome to Galar!
Rebel Clash Booster Display!,Welcome to Galar!
Fusion Strike Booster Display!,Welcome to Galar!
Chilling Reign Booster Display!,Welcome to Galar!
Lost Origin Booster Display!,Welcome to Galar!
Astral Radiance Booster Display!,Welcome to Galar!
Brilliant Stars Booster Display!,Welcome to Galar!
Darkness Ablaze Booster Display!,Welcome to Galar!
Silver Tempest Booster Display!,Welcome to Galar!
Battle Styles Booster Display!,Welcome to Galar!
Evolving Skies - Booster Pack!,Welcome to Galar!
Chilling Reign - Booster Pack!,Welcome to Galar!
Sword & Shield - Booster Pack!,Welcome to Galar!
Fusion Strike - Booster Pack!,Welcome to Galar!
Astral Radiance - Booster Pack!,Welcome to Galar!
Rebel Clash - Booster Pack!,Welcome to Galar!
Lost Origin - Booster Pack!,Welcome to Galar!
Brilliant Stars - Booster Pack!,Welcome to Galar!
Darkness Ablaze - Booster Pack!,Welcome to Galar!
Battle Styles - Booster Pack!,Welcome to Galar!
Silver Tempest - Booster Pack!,Welcome to Galar!
Blaine's Charizard (1st Edition),The Volcano Badge!
Blaine's Moltres (1st Edition),The Volcano Badge!
Blaine's Arcanine (1st Edition),The Volcano Badge!
Blaine (1st Edition),The Volcano Badge!
Blaine's Ninetales (1st Edition),The Volcano Badge!
Blaine's Charmeleon (1st Edition),The Volcano Badge!
Blaine's Charmander (1st Edition),The Volcano Badge!
Blaine's Kangaskhan (1st Edition),The Volcano Badge!
Blaine's Growlithe (1st Edition),The Volcano Badge!
Blaine's Dodrio (1st Edition),The Volcano Badge!
Blaine's Charmander (1st Edition),The Volcano Badge!
Blaine's Magmar (1st Edition),The Volcano Badge!
Blaine's Growlithe (1st Edition),The Volcano Badge!
Blaine's Rapidash (1st Edition),The Volcano Badge!
Blaine's Growlithe (1st Edition),The Volcano Badge!
Blaine's Ponyta (1st Edition),The Volcano Badge!
Blaine's Tauros (1st Edition),The Volcano Badge!
Blaine's Vulpix (1st Edition),The Volcano Badge!
Blaine's Mankey (1st Edition),The Volcano Badge!
Blaine's Ponyta (1st Edition),The Volcano Badge!
Blaine's Vulpix (1st Edition),The Volcano Badge!
Blaine's Rhyhorn (1st Edition),The Volcano Badge!
Blaine's Doduo (1st Edition),The Volcano Badge!
Dragonite V,"I Choose You, Dragonite!"
Dragonite-GX,"I Choose You, Dragonite!"
Dark Dragonite,"I Choose You, Dragonite!"
Dragonite-GX,"I Choose You, Dragonite!"
Dragonite VSTAR,"I Choose You, Dragonite!"
Dragonite ex,"I Choose You, Dragonite!"
Sabrina's Gengar (1st Edition),The Marsh Badge!
Sabrina's Alakazam (1st Edition),The Marsh Badge!
Sabrina's Gengar (1st Edition),The Marsh Badge!
Sabrina (1st Edition),The Marsh Badge!
Sabrina's Haunter (1st Edition),The Marsh Badge!
Sabrina's Haunter (1st Edition),The Marsh Badge!
Sabrina's Kadabra (1st Edition),The Marsh Badge!
Sabrina's Venomoth (1st Edition),The Marsh Badge!
Sabrina's Gastly (1st Edition),The Marsh Badge!
Sabrina's Golduck (1st Edition),The Marsh Badge!
Sabrina's Jynx (1st Edition),The Marsh Badge!
Sabrina's Jynx (1st Edition),The Marsh Badge!
Sabrina's Psyduck (1st Edition),The Marsh Badge!
Sabrina's Hypno (1st Edition),The Marsh Badge!
Sabrina's Mr. Mime (1st Edition),The Marsh Badge!
Sabrina's Slowbro (1st Edition),The Marsh Badge!
Sabrina's Mr. Mime (1st Edition),The Marsh Badge!
Sabrina's Gastly (1st Edition),The Marsh Badge!
Sabrina's Abra (1st Edition),The Marsh Badge!
Sabrina's Slowpoke (1st Edition),The Marsh Badge!
Sabrina's Abra (1st Edition),The Marsh Badge!
Sabrina's Porygon (1st Edition),The Marsh Badge!
Sabrina's Abra (1st Edition),The Marsh Badge!
Sabrina's Gastly (1st Edition),The Marsh Badge!
Sabrina's Drowzee (1st Edition),The Marsh Badge!
Sabrina's Drowzee (1st Edition),The Marsh Badge!
Sabrina's Venonat (1st Edition),The Marsh Badge!
Erika's Venusaur (1st Edition),The Rainbow Badge!
Erika's Dragonair (1st Edition),The Rainbow Badge!
Erika's Clefable (1st Edition),The Rainbow Badge!
Erika's Vileplume (1st Edition),The Rainbow Badge!
Erika (1st Edition),The Rainbow Badge!
Erika's Bulbasaur (1st Edition),The Rainbow Badge!
Erika's Clefairy (1st Edition),The Rainbow Badge!
Erika's Weepinbell (1st Edition),The Rainbow Badge!
Erika's Ivysaur (1st Edition),The Rainbow Badge!
Erika's Victreebel (1st Edition),The Rainbow Badge!
Erika's Clefairy (1st Edition),The Rainbow Badge!
Erika's Exeggcute (1st Edition),The Rainbow Badge!
Erika's Gloom (1st Edition),The Rainbow Badge!
Erika's Dratini (1st Edition),The Rainbow Badge!
Erika's Oddish (1st Edition),The Rainbow Badge!
Erika's Exeggutor (1st Edition),The Rainbow Badge!
Erika's Oddish (1st Edition),The Rainbow Badge!
Erika's Jigglypuff (1st Edition),The Rainbow Badge!
Erika's Gloom (1st Edition),The Rainbow Badge!
Erika's Bellsprout (1st Edition),The Rainbow Badge!
Erika's Oddish (1st Edition),The Rainbow Badge!
Erika's Bellsprout (1st Edition),The Rainbow Badge!
Erika's Weepinbell (1st Edition),The Rainbow Badge!
Erika's Tangela (1st Edition),The Rainbow Badge!
Erika's Exeggcute (1st Edition),The Rainbow Badge!
Erika's Paras (1st Edition),The Rainbow Badge!
Erika's Bellsprout (1st Edition),The Rainbow Badge!
Koga's Ditto (1st Edition),The Soul Badge!
Koga (1st Edition),The Soul Badge!
Koga's Beedrill (1st Edition),The Soul Badge!
Koga's Arbok (1st Edition),The Soul Badge!
Koga's Muk (1st Edition),The Soul Badge!
Koga's Pidgeotto (1st Edition),The Soul Badge!
Koga's Golbat (1st Edition),The Soul Badge!
Koga's Koffing (1st Edition),The Soul Badge!
Koga's Weezing (1st Edition),The Soul Badge!
Koga's Kakuna (1st Edition),The Soul Badge!
Koga's Weedle (1st Edition),The Soul Badge!
Koga's Pidgey (1st Edition),The Soul Badge!
Koga's Zubat (1st Edition),The Soul Badge!
Koga's Ekans (1st Edition),The Soul Badge!
 Koga's Koffing (1st Edition),The Soul Badge!
Koga's Grimer (1st Edition),The Soul Badge!
Koga's Pidgey (1st Edition),The Soul Badge!
Koga's Tangela (1st Edition),The Soul Badge!
Lt. Surge's Electabuzz (1st Edition),The Thunder Badge!
Lt. Surge's Magneton (1st Edition),The Thunder Badge!
Lt. Surge's Fearow (1st Edition),The Thunder Badge!
Lt. Surge (1st Edition),The Thunder Badge!
Lt. Surge's Raichu (1st Edition),The Thunder Badge!
Lt. Surge's Raichu (1st Edition),The Thunder Badge!
Lt. Surge's Jolteon (1st Edition),The Thunder Badge!
Lt. Surge's Eevee (1st Edition),The Thunder Badge!
Lt. Surge's Electabuzz (1st Edition),The Thunder Badge!
 Lt. Surge's Pikachu (1st Edition),The Thunder Badge!
Lt. Surge's Pikachu (1st Edition),The Thunder Badge!
Lt. Surge's Raticate (1st Edition),The Thunder Badge!
Lt. Surge's Electrode (1st Edition),The Thunder Badge!
Lt. Surge's Raticate (1st Edition),The Thunder Badge!
Lt. Surge's Magnemite (1st Edition),The Thunder Badge!
Lt. Surge's Rattata (1st Edition),The Thunder Badge!
Lt. Surge's Magnemite (1st Edition),The Thunder Badge!
Lt. Surge's Spearow (1st Edition),The Thunder Badge!
Lt. Surge's Voltorb (1st Edition),The Thunder Badge!
Lt. Surge's Rattata (1st Edition),The Thunder Badge!
Lt. Surge's Voltorb (1st Edition),The Thunder Badge!
Lt. Surge's Spearow (1st Edition),The Thunder Badge!
Misty's Gyarados (1st Edition),The Cascade Badge!
Misty (1st Edition),The Cascade Badge!
Misty's Golduck (1st Edition),The Cascade Badge!
 Misty's Seadra (1st Edition),The Cascade Badge!
Misty's Tentacruel (1st Edition),The Cascade Badge!
Misty's Poliwrath (1st Edition),The Cascade Badge!
Misty's Tentacool (1st Edition),The Cascade Badge!
Misty's Cloyster (1st Edition),The Cascade Badge!
Misty's Dewgong (1st Edition),The Cascade Badge!
Misty's Goldeen (1st Edition),The Cascade Badge!
Misty's Psyduck (1st Edition),The Cascade Badge!
Misty's Psyduck (1st Edition),The Cascade Badge!
Misty's Tentacool (1st Edition),The Cascade Badge!
 Misty's Starmie (1st Edition),The Cascade Badge!
Misty's Magikarp (1st Edition),The Cascade Badge!
Misty's Seaking (1st Edition),The Cascade Badge!
Misty's Poliwhirl (1st Edition),The Cascade Badge!
Misty's Horsea (1st Edition),The Cascade Badge!
Misty's Poliwag (1st Edition),The Cascade Badge!
Misty's Seel (1st Edition),The Cascade Badge!
Misty's Shellder (1st Edition),The Cascade Badge!
Misty's Staryu (1st Edition),The Cascade Badge!
Misty's Poliwag (1st Edition),The Cascade Badge!
Misty's Seel (1st Edition),The Cascade Badge!
Misty's Goldeen (1st Edition),The Cascade Badge!
Misty's Staryu (1st Edition),The Cascade Badge!
Misty's Horsea (1st Edition),The Cascade Badge!
151 Booster Bundle Display!,Welcome to Paldea!
Obsidian Flames Booster Display!,Welcome to Paldea!
Paldea Evolved Booster Display!,Welcome to Paldea!
Paradox Rift Booster Display!,Welcome to Paldea!
Scarlet & Violet Booster Display!,Welcome to Paldea!
151 Elite Trainer Box!,Welcome to Paldea!
Scarlet & Violet Elite Trainer Box [Miraidon]!,Welcome to Paldea!
Paldea Evolved Elite Trainer Box!,Welcome to Paldea!
Temporal Forces Elite Trainer Box [Walking Wake]!,Welcome to Paldea!
Obsidian Flames Elite Trainer Box!,Welcome to Paldea!
Paradox Rift Elite Trainer Box [Roaring Moon]!,Welcome to Paldea!
Paradox Rift Elite Trainer Box [Iron Valiant]!,Welcome to Paldea!
Temporal Forces Elite Trainer Box [Iron Leaves]!,Welcome to Paldea!
Scarlet & Violet Elite Trainer Box [Koraidon]!,Welcome to Paldea!
151 - Booster Pack!,Welcome to Paldea!
Paldea Evolved - Booster Pack!,Welcome to Paldea!
Obsidian Flames - Booster Pack!,Welcome to Paldea!
Paradox Rift - Booster Pack!,Welcome to Paldea!
Scarlet & Violet - Booster Pack!,Welcome to Paldea!
Brock's Ninetales (1st Edition),The Boulder Badge!
Brock's Rhydon (1st Edition),The Boulder Badge!
Brock (1st Edition),The Boulder Badge!
Brock's Golem (1st Edition),The Boulder Badge!
Brock's Sandslash (1st Edition),The Boulder Badge!
Brock's Rhyhorn (1st Edition),The Boulder Badge!
Brock's Onix (1st Edition),The Boulder Badge!
Brock's Vulpix (1st Edition),The Boulder Badge!
Brock's Dugtrio (1st Edition),The Boulder Badge!
Brock's Zubat (1st Edition),The Boulder Badge!
Brock's Mankey (1st Edition),The Boulder Badge!
Brock's Primeape (1st Edition),The Boulder Badge!
Brock's Sandshrew (1st Edition),The Boulder Badge!
Brock's Sandslash (1st Edition),The Boulder Badge!
 Brock's Geodude (1st Edition),The Boulder Badge!
Brock's Graveler (1st Edition),The Boulder Badge!
Brock's Lickitung (1st Edition),The Boulder Badge!
Brock's Golbat (1st Edition),The Boulder Badge!
Brock's Vulpix (1st Edition),The Boulder Badge!
Brock's Graveler (1st Edition),The Boulder Badge!
Brock's Geodude (1st Edition),The Boulder Badge!
Brock's Diglett (1st Edition),The Boulder Badge!
Brock's Onix (1st Edition),The Boulder Badge!
Brock's Mankey (1st Edition),The Boulder Badge!
Brock's Geodude (1st Edition),The Boulder Badge!
Brock's Sandshrew (1st Edition),The Boulder Badge!
Brock's Rhyhorn (1st Edition),The Boulder Badge!
Brock's Zubat (1st Edition),The Boulder Badge!
Paradox Rift Pokemon Center Elite Trainer Box (Exclusive) [Iron Valiant]!,Gotta Catch 'Em All!
Fusion Strike Elite Trainer Box!,Gotta Catch 'Em All!
Crown Zenith Elite Trainer Box!,Gotta Catch 'Em All!
Pokemon GO Elite Trainer Box!,Gotta Catch 'Em All!
Paldean Fates Elite Trainer Box!,Gotta Catch 'Em All!
Paldea Evolved Elite Trainer Box!,Gotta Catch 'Em All!
Evolving Skies - Booster Pack!,Gotta Catch 'Em All!
151 - Booster Pack!,Gotta Catch 'Em All!
Shining Fates - Booster Pack!,Gotta Catch 'Em All!
Chilling Reign - Booster Pack!,Gotta Catch 'Em All!
Sword & Shield - Booster Pack!,Gotta Catch 'Em All!
Crown Zenith - Booster Pack!,Gotta Catch 'Em All!
Lost Origin - Booster Pack!,Gotta Catch 'Em All!
Darkness Ablaze - Booster Pack!,Gotta Catch 'Em All!
Silver Tempest - Booster Pack!,Gotta Catch 'Em All!
Paldea Evolved - Booster Pack!,Gotta Catch 'Em All!
Vivid Voltage - Booster Pack!,Gotta Catch 'Em All!
Obsidian Flames - Booster Pack!,Gotta Catch 'Em All!
Paradox Rift - Booster Pack!,Gotta Catch 'Em All!
Scarlet & Violet - Booster Pack!,Gotta Catch 'Em All!
Gengar & Mimikyu-GX,"I Choose You, Gengar!"
Gengar VMAX,"I Choose You, Gengar!"
Gengar-EX,"I Choose You, Gengar!"
Gengar VMAX,"I Choose You, Gengar!"
Gengar,"I Choose You, Gengar!"
Gengar,"I Choose You, Gengar!"
Pikachu-EX,"I Choose You, Pikachu!"
Pikachu VMAX,"I Choose You, Pikachu!"
Pikachu VMAX,"I Choose You, Pikachu!"
Pikachu,"I Choose You, Pikachu!"
Pikachu,"I Choose You, Pikachu!"
Pikachu VMAX,"I Choose You, Pikachu!"
Pikachu V,"I Choose You, Pikachu!"
Pikachu,"I Choose You, Pikachu!"
Pikachu,"I Choose You, Pikachu!"
Pikachu V,"I Choose You, Pikachu!"
Blissey V,Eggcelent Pokemon!
Mega Lopunny & Jigglypuff-GX,Eggcelent Pokemon!
Marill,Eggcelent Pokemon!
Magby,Eggcelent Pokemon!
Mantyke,Eggcelent Pokemon!
Pichu,Eggcelent Pokemon!
Togepi & Cleffa & Igglybuff-GX,Eggcelent Pokemon!
Wigglytuff ex,Eggcelent Pokemon!
Plusle,Eggcelent Pokemon!
Minun,Eggcelent Pokemon!
Budew,Eggcelent Pokemon!
Munchlax,Eggcelent Pokemon!
Egg Incubator,Eggcelent Pokemon!
Cinderace,Eggcelent Pokemon!
Jigglypuff,Eggcelent Pokemon!
Riolu,Eggcelent Pokemon!
Raboot,Eggcelent Pokemon!
Smoochum,Eggcelent Pokemon!
Tyrogue,Eggcelent Pokemon!
Togekiss V,Eggcelent Pokemon!
Bonsly,Eggcelent Pokemon!
Chansey,Eggcelent Pokemon!
Igglybuff,Eggcelent Pokemon!
Chingling,Eggcelent Pokemon!
Azumarill,Eggcelent Pokemon!
Azurill,Eggcelent Pokemon!
Erika's Exeggcute,Eggcelent Pokemon!
Lopunny,Eggcelent Pokemon!
Mime Jr.,Eggcelent Pokemon!
Clefairy,Eggcelent Pokemon!
Elekid,Eggcelent Pokemon!
Cleffa,Eggcelent Pokemon!
Clefable,Eggcelent Pokemon!
Togetic,Eggcelent Pokemon!
Wynaut,Eggcelent Pokemon!
Toxel,Eggcelent Pokemon!
Scorbunny,Eggcelent Pokemon!
Happiny,Eggcelent Pokemon!
Alolan Exeggutor V,Eggcelent Pokemon!
Togepi,Eggcelent Pokemon!
Bunnelby,Eggcelent Pokemon!
Diggersby,Eggcelent Pokemon!
Buneary,Eggcelent Pokemon!
Rocket's Mewtwo (1st Edition),Team Rocket Attacks!
Rocket's Scyther (1st Edition),Team Rocket Attacks!
Rocket's Zapdos (1st Edition),Team Rocket Attacks!
Rocket's Hitmonchan (1st Edition),Team Rocket Attacks!
Rocket's Moltres (1st Edition),Team Rocket Attacks!
Rocket's Snorlax (1st Edition),Team Rocket Attacks!
The Rocket's Trap (1st Edition),Team Rocket Attacks!
Here Comes Team Rocket!,Team Rocket Attacks!
Starmie V,Astral Radiance Trainer Gallery!
Garchomp V,Astral Radiance Trainer Gallery!
Galarian Moltres V,Astral Radiance Trainer Gallery!
Zacian V,Astral Radiance Trainer Gallery!
Shadow Rider Calyrex VMAX,Astral Radiance Trainer Gallery!
Galarian Zapdos V,Astral Radiance Trainer Gallery!
Bea,Astral Radiance Trainer Gallery!
Ice Rider Calyrex VMAX,Astral Radiance Trainer Gallery!
Ice Rider Calyrex V,Astral Radiance Trainer Gallery!
Shadow Rider Calyrex V,Astral Radiance Trainer Gallery!
Galarian Articuno V,Astral Radiance Trainer Gallery!
Shadow Rider Calyrex VMAX,Astral Radiance Trainer Gallery!
Ice Rider Calyrex VMAX,Astral Radiance Trainer Gallery!
Zamazenta V,Astral Radiance Trainer Gallery!
Allister,Astral Radiance Trainer Gallery!
Melony,Astral Radiance Trainer Gallery!
Gardevoir,Astral Radiance Trainer Gallery!
Piers,Astral Radiance Trainer Gallery!
Milo,Astral Radiance Trainer Gallery!
Kingdra,Astral Radiance Trainer Gallery!
Bronzong,Astral Radiance Trainer Gallery!
Frosmoth,Astral Radiance Trainer Gallery!
Falinks,Astral Radiance Trainer Gallery!
Flapple,Astral Radiance Trainer Gallery!
Kleavor,Astral Radiance Trainer Gallery!
Mightyena,Astral Radiance Trainer Gallery!
Abomasnow,Astral Radiance Trainer Gallery!
Wyrdeer,Astral Radiance Trainer Gallery!
Galarian Obstagoon,Astral Radiance Trainer Gallery!
Hoothoot,Astral Radiance Trainer Gallery!
Umbreon VMAX,Brilliant Stars Trainer Gallery!
Umbreon V,Brilliant Stars Trainer Gallery!
Sylveon V,Brilliant Stars Trainer Gallery!
Mimikyu V,Brilliant Stars Trainer Gallery!
Mimikyu VMAX,Brilliant Stars Trainer Gallery!
Sylveon VMAX,Brilliant Stars Trainer Gallery!
Rapid Strike Urshifu VMAX,Brilliant Stars Trainer Gallery!
Gloria,Brilliant Stars Trainer Gallery!
Acerola's Premonition,Brilliant Stars Trainer Gallery!
Boltund V,Brilliant Stars Trainer Gallery!
Single Strike Urshifu VMAX,Brilliant Stars Trainer Gallery!
Rapid Strike Urshifu VMAX,Brilliant Stars Trainer Gallery!
Vaporeon,Brilliant Stars Trainer Gallery!
Eevee,Brilliant Stars Trainer Gallery!
Flareon,Brilliant Stars Trainer Gallery!
Single Strike Urshifu VMAX,Brilliant Stars Trainer Gallery!
Single Strike Urshifu V,Brilliant Stars Trainer Gallery!
Jolteon,Brilliant Stars Trainer Gallery!
Rapid Strike Urshifu V,Brilliant Stars Trainer Gallery!
Café Master,Brilliant Stars Trainer Gallery!
Zekrom,Brilliant Stars Trainer Gallery!
Rapid Strike Style Mustard,Brilliant Stars Trainer Gallery!
Dedenne,Brilliant Stars Trainer Gallery!
Single Strike Style Mustard,Brilliant Stars Trainer Gallery!
Houndoom,Brilliant Stars Trainer Gallery!
Ariados,Brilliant Stars Trainer Gallery!
Oranguru,Brilliant Stars Trainer Gallery!
Octillery,Brilliant Stars Trainer Gallery!
Alcremie,Brilliant Stars Trainer Gallery!
Dusknoir,Brilliant Stars Trainer Gallery!
Rayquaza VMAX,Silver Tempest Trainer Gallery!
Sordward & Shielbert,Silver Tempest Trainer Gallery!
Blaziken V,Silver Tempest Trainer Gallery!
Blaziken VMAX,Silver Tempest Trainer Gallery!
Friends in Galar,Silver Tempest Trainer Gallery!
Duraludon VMAX,Silver Tempest Trainer Gallery!
Blissey V,Silver Tempest Trainer Gallery!
Zeraora V,Silver Tempest Trainer Gallery!
Serperior V,Silver Tempest Trainer Gallery!
Corviknight V,Silver Tempest Trainer Gallery!
Rayquaza VMAX,Silver Tempest Trainer Gallery!
Judge,Silver Tempest Trainer Gallery!
Mawile V,Silver Tempest Trainer Gallery!
Professor Burnet,Silver Tempest Trainer Gallery!
Corviknight VMAX,Silver Tempest Trainer Gallery!
Raihan,Silver Tempest Trainer Gallery!
Gardevoir,Silver Tempest Trainer Gallery!
Gordie,Silver Tempest Trainer Gallery!
Duraludon VMAX,Silver Tempest Trainer Gallery!
Milotic,Silver Tempest Trainer Gallery!
Kricketune V,Silver Tempest Trainer Gallery!
Flaaffy,Silver Tempest Trainer Gallery!
Rockruff,Silver Tempest Trainer Gallery!
Altaria,Silver Tempest Trainer Gallery!
Braixen,Silver Tempest Trainer Gallery!
Jynx,Silver Tempest Trainer Gallery!
Smeargle,Silver Tempest Trainer Gallery!
Druddigon,Silver Tempest Trainer Gallery!
Malamar,Silver Tempest Trainer Gallery!
Passimian,Silver Tempest Trainer Gallery!
Entei,Pokeball GO! Fire Types!
Typhlosion,Pokeball GO! Fire Types!
Flareon-EX,Pokeball GO! Fire Types!
Magmar ex,Pokeball GO! Fire Types!
Charmeleon,Pokeball GO! Fire Types!
Ninetales V,Pokeball GO! Fire Types!
Fuecoco,Pokeball GO! Fire Types!
Litten,Pokeball GO! Fire Types!
Crocalor,Pokeball GO! Fire Types!
Simisear VSTAR,Pokeball GO! Fire Types!
Charmander,Pokeball GO! Fire Types!
Arcanine ex,Pokeball GO! Fire Types!
Blaine's Growlithe,Pokeball GO! Fire Types!
Torkoal,Pokeball GO! Fire Types!
Cinderace VMAX,Pokeball GO! Fire Types!
Magmortar,Pokeball GO! Fire Types!
Magby,Pokeball GO! Fire Types!
Quilava,Pokeball GO! Fire Types!
Braixen,Pokeball GO! Fire Types!
Torchic,Pokeball GO! Fire Types!
Cyndaquil,Pokeball GO! Fire Types!
Rapidash,Pokeball GO! Fire Types!
Charcadet,Pokeball GO! Fire Types!
Slugma,Pokeball GO! Fire Types!
Torracat,Pokeball GO! Fire Types!
Raboot,Pokeball GO! Fire Types!
Darmanitan,Pokeball GO! Fire Types!
Pansear,Pokeball GO! Fire Types!
Ponyta,Pokeball GO! Fire Types!
Tepig,Pokeball GO! Fire Types!
Scorbunny,Pokeball GO! Fire Types!
Darumaka,Pokeball GO! Fire Types!
Chimchar,Pokeball GO! Fire Types!
Heatmor,Pokeball GO! Fire Types!
Fennekin,Pokeball GO! Fire Types!
Vulpix,Pokeball GO! Fire Types!
Tapu Lele-GX,"I Choose You, Tapu!"
Tapu Koko-GX,"I Choose You, Tapu!"
Tapu Bulu-GX,"I Choose You, Tapu!"
Tapu Fini-GX,"I Choose You, Tapu!"
Tapu Koko ex,"I Choose You, Tapu!"
Hitmontop,Pokeball GO! Fighting Types!
Dark Machamp,Pokeball GO! Fighting Types!
Hitmonlee,Pokeball GO! Fighting Types!
Hitmonchan,Pokeball GO! Fighting Types!
Zamazenta V,Pokeball GO! Fighting Types!
Riolu,Pokeball GO! Fighting Types!
Machoke,Pokeball GO! Fighting Types!
Mienshao,Pokeball GO! Fighting Types!
Conkeldurr V,Pokeball GO! Fighting Types!
Falinks V,Pokeball GO! Fighting Types!
Grapploct V,Pokeball GO! Fighting Types!
Tyrogue,Pokeball GO! Fighting Types!
Sawk,Pokeball GO! Fighting Types!
Primeape,Pokeball GO! Fighting Types!
Hariyama,Pokeball GO! Fighting Types!
Makuhita,Pokeball GO! Fighting Types!
Throh,Pokeball GO! Fighting Types!
Passimian,Pokeball GO! Fighting Types!
Machop,Pokeball GO! Fighting Types!
Galarian Sirfetch'd V,Pokeball GO! Fighting Types!
Kubfu,Pokeball GO! Fighting Types!
Mienfoo,Pokeball GO! Fighting Types!
Pancham,Pokeball GO! Fighting Types!
Mankey,Pokeball GO! Fighting Types!
Clobbopus,Pokeball GO! Fighting Types!
Gurdurr,Pokeball GO! Fighting Types!
Timburr,Pokeball GO! Fighting Types!
Crabrawler,Pokeball GO! Fighting Types!
Arceus VSTAR,Pokeball GO! Normal Types!
Silvally-GX,Pokeball GO! Normal Types!
Blissey V,Pokeball GO! Normal Types!
Dudunsparce,Pokeball GO! Normal Types!
Snorlax VMAX,Pokeball GO! Normal Types!
Porygon-Z,Pokeball GO! Normal Types!
Chansey,Pokeball GO! Normal Types!
Maushold,Pokeball GO! Normal Types!
Regigigas,Pokeball GO! Normal Types!
Loudred,Pokeball GO! Normal Types!
Greedent V,Pokeball GO! Normal Types!
Skwovet,Pokeball GO! Normal Types!
Munchlax,Pokeball GO! Normal Types!
Lickilicky,Pokeball GO! Normal Types!
Cinccino,Pokeball GO! Normal Types!
Bidoof,Pokeball GO! Normal Types!
Minccino,Pokeball GO! Normal Types!
Lechonk,Pokeball GO! Normal Types!
Lickitung,Pokeball GO! Normal Types!
Kangaskhan,Pokeball GO! Normal Types!
Meowth VMAX,Pokeball GO! Normal Types!
Raticate,Pokeball GO! Normal Types!
Slaking V,Pokeball GO! Normal Types!
Smeargle,Pokeball GO! Normal Types!
Stoutland,Pokeball GO! Normal Types!
Eevee,Pokeball GO! Normal Types!
Ditto,Pokeball GO! Normal Types!
Audino-EX,Pokeball GO! Normal Types!
Gumshoos-GX,Pokeball GO! Normal Types!
Tauros-GX,Pokeball GO! Normal Types!
Rattata,Pokeball GO! Normal Types!
Oinkologne ex,Pokeball GO! Normal Types!
Dubwool V,Pokeball GO! Normal Types!
Persian-GX,Pokeball GO! Normal Types!
Dunsparce,Pokeball GO! Normal Types!
Kecleon,Pokeball GO! Normal Types!
Type: Null,Pokeball GO! Normal Types!
Miltank,Pokeball GO! Normal Types!
Delcatty,Pokeball GO! Normal Types!
Castform,Pokeball GO! Normal Types!
Buneary,Pokeball GO! Normal Types!
Skitty,Pokeball GO! Normal Types!
Spinda,Pokeball GO! Normal Types!
Lopunny,Pokeball GO! Normal Types!
Zangoose,Pokeball GO! Normal Types!
Furret,Pokeball GO! Normal Types!
Exploud,Pokeball GO! Normal Types!
Patrat,Pokeball GO! Normal Types!
Happiny,Pokeball GO! Normal Types!
Furfrou,Pokeball GO! Normal Types!
Vigoroth,Pokeball GO! Normal Types!
Purugly,Pokeball GO! Normal Types!
Porygon2,Pokeball GO! Normal Types!
Watchog,Pokeball GO! Normal Types!
Whismur,Pokeball GO! Normal Types!
Linoone,Pokeball GO! Normal Types!
Porygon,Pokeball GO! Normal Types!
Ursaring,Pokeball GO! Normal Types!
Sentret,Pokeball GO! Normal Types!
Stantler,Pokeball GO! Normal Types!
Bunnelby,Pokeball GO! Normal Types!
Herdier,Pokeball GO! Normal Types!
Zigzagoon,Pokeball GO! Normal Types!
Bouffalant,Pokeball GO! Normal Types!
Aipom,Pokeball GO! Normal Types!
Glameow,Pokeball GO! Normal Types!
Lillipup,Pokeball GO! Normal Types!
Ambipom,Pokeball GO! Normal Types!
Komala,Pokeball GO! Normal Types!
Yungoos,Pokeball GO! Normal Types!
Wooloo,Pokeball GO! Normal Types!
Teddiursa,Pokeball GO! Normal Types!
Tandemaus,Pokeball GO! Normal Types!
Dark Blastoise,Pokeball GO! Water Types!
Feraligatr,Pokeball GO! Water Types!
Magikarp,Pokeball GO! Water Types!
Team Aqua's Kyogre-EX,Pokeball GO! Water Types!
Vaporeon VMAX,Pokeball GO! Water Types!
Inteleon VMAX,Pokeball GO! Water Types!
Suicune V,Pokeball GO! Water Types!
Squirtle,Pokeball GO! Water Types!
Lumineon V,Pokeball GO! Water Types!
Piplup,Pokeball GO! Water Types!
Wartortle,Pokeball GO! Water Types!
Wailord-EX,Pokeball GO! Water Types!
Poliwhirl,Pokeball GO! Water Types!
Manaphy,Pokeball GO! Water Types!
Milotic V,Pokeball GO! Water Types!
Psyduck,Pokeball GO! Water Types!
Wishiwashi,Pokeball GO! Water Types!
Dondozo,Pokeball GO! Water Types!
Sobble,Pokeball GO! Water Types!
Wiglett,Pokeball GO! Water Types!
Quaxly,Pokeball GO! Water Types!
Quaxwell,Pokeball GO! Water Types!
Clauncher,Pokeball GO! Water Types!
Samurott,Pokeball GO! Water Types!
Gorebyss,Pokeball GO! Water Types!
Palafin,Pokeball GO! Water Types!
Kingler VMAX,Pokeball GO! Water Types!
Phione,Pokeball GO! Water Types!
Prinplup,Pokeball GO! Water Types!
Mudkip,Pokeball GO! Water Types!
Golduck,Pokeball GO! Water Types!
Oshawott,Pokeball GO! Water Types!
Simipour,Pokeball GO! Water Types!
Huntail,Pokeball GO! Water Types!
Totodile,Pokeball GO! Water Types!
Buizel,Pokeball GO! Water Types!
Seaking,Pokeball GO! Water Types!
Floatzel,Pokeball GO! Water Types!
Shellos East Sea,Pokeball GO! Water Types!
Shellos West Sea,Pokeball GO! Water Types!
Dewott,Pokeball GO! Water Types!
Shellder,Pokeball GO! Water Types!
Pyukumuku,Pokeball GO! Water Types!
Feebas,Pokeball GO! Water Types!
Staryu,Pokeball GO! Water Types!
Brionne,Pokeball GO! Water Types!
Politoed,Pokeball GO! Water Types!
Poliwag,Pokeball GO! Water Types!
Remoraid,Pokeball GO! Water Types!
Corphish,Pokeball GO! Water Types!
Octillery,Pokeball GO! Water Types!
Wugtrio,Pokeball GO! Water Types!
Clawitzer,Pokeball GO! Water Types!
Frogadier,Pokeball GO! Water Types!
Croconaw,Pokeball GO! Water Types!
Clamperl,Pokeball GO! Water Types!
Drizzile,Pokeball GO! Water Types!
Froakie,Pokeball GO! Water Types!
Arrokuda,Pokeball GO! Water Types!
Barraskewda,Pokeball GO! Water Types!
Popplio,Pokeball GO! Water Types!
Seel,Pokeball GO! Water Types!
Hisuian Basculin,Pokeball GO! Water Types!
Seadra,Pokeball GO! Water Types!
Chewtle,Pokeball GO! Water Types!
Krabby,Pokeball GO! Water Types!
Horsea,Pokeball GO! Water Types!
Finizen,Pokeball GO! Water Types!
Tympole,Pokeball GO! Water Types!
Alomomola,Pokeball GO! Water Types!
Wailmer,Pokeball GO! Water Types!
Finneon,Pokeball GO! Water Types!
Panpour,Pokeball GO! Water Types!
Luvdisc,Pokeball GO! Water Types!
Goldeen,Pokeball GO! Water Types!
Snorlax,"I Choose You, Snorlax!"
Eevee & Snorlax-GX,"I Choose You, Snorlax!"
Snorlax,"I Choose You, Snorlax!"
151 Elite Trainer Box!,"I Choose You, Snorlax!"
Snorlax δ,"I Choose You, Snorlax!"
Snorlax,"I Choose You, Snorlax!"
Snorlax VMAX,"I Choose You, Snorlax!"
Snorlax V,"I Choose You, Snorlax!"
Snorlax,"I Choose You, Snorlax!"
Snorlax,"I Choose You, Snorlax!"
Snorlax,"I Choose You, Snorlax!"
Snorlax,"I Choose You, Snorlax!"
Snorlax,"I Choose You, Snorlax!"
Snorlax,"I Choose You, Snorlax!"
Wiglett,"I Choose You, Danglers!"
Cherubi,"I Choose You, Danglers!"
Cherrim,"I Choose You, Danglers!"
Cherrim,"I Choose You, Danglers!"
Bellsprout,"I Choose You, Danglers!"
Victreebel,"I Choose You, Danglers!"
Weepinbell,"I Choose You, Danglers!"
Cherubi,"I Choose You, Danglers!"
Diglett,"I Choose You, Danglers!"
Dugtrio,"I Choose You, Danglers!"
Wugtrio,"I Choose You, Danglers!"
Wiglett,"I Choose You, Danglers!"
Cherubi,"I Choose You, Danglers!"
Charizard (1st Edition Shadowless),Charizard's Spicy Soup
Charizard,Charizard's Spicy Soup
Charizard ★ δ,Charizard's Spicy Soup
Charizard ex,Charizard's Spicy Soup
Charizard,Charizard's Spicy Soup
Charizard,Charizard's Spicy Soup
Spicy Seasoned Curry,Charizard's Spicy Soup
Base Set Booster Pack!,Celadon City Soup!
Gym Challenge Booster Pack!,Celadon City Soup!
Team Rocket Booster Pack!,Celadon City Soup!
Base Set 2 Booster Pack!,Celadon City Soup!
Gym Heroes Booster Pack!,Celadon City Soup!
Jungle Booster Pack!,Celadon City Soup!
Fossil Booster Pack!,Celadon City Soup!
Spicy Seasoned Curry,Celadon City Soup!
Politoed,"I Can Haz Battle, Meow?"
Sandaconda V,"I Can Haz Battle, Meow?"
Garbodor,"I Can Haz Battle, Meow?"
Shiinotic,"I Can Haz Battle, Meow?"
Noivern V,"I Can Haz Battle, Meow?"
Galarian Stunfisk V,"I Can Haz Battle, Meow?"
Conkeldurr V,"I Can Haz Battle, Meow?"
Cofagrigus ex,"I Can Haz Battle, Meow?"
Goomy,"I Can Haz Battle, Meow?"
Dunsparce,"I Can Haz Battle, Meow?"
Impidimp,"I Can Haz Battle, Meow?"
Vanilluxe,"I Can Haz Battle, Meow?"
Wobbuffet,"I Can Haz Battle, Meow?"
Slurpuff,"I Can Haz Battle, Meow?"
Trubbish,"I Can Haz Battle, Meow?"
Gothitelle,"I Can Haz Battle, Meow?"
Cloyster,"I Can Haz Battle, Meow?"
Delibird,"I Can Haz Battle, Meow?"
Nosepass,"I Can Haz Battle, Meow?"
Wormadam,"I Can Haz Battle, Meow?"
Psyduck,"I Can Haz Battle, Meow?"
Paldean Wooper,"I Can Haz Battle, Meow?"
Corsola,"I Can Haz Battle, Meow?"
Lickitung,"I Can Haz Battle, Meow?"
Hoppip,"I Can Haz Battle, Meow?"
Spoink,"I Can Haz Battle, Meow?"
Zigzagoon,"I Can Haz Battle, Meow?"
Loudred,"I Can Haz Battle, Meow?"
Scraggy,"I Can Haz Battle, Meow?"
Bidoof,"I Can Haz Battle, Meow?"
Diglett,"I Can Haz Battle, Meow?"
Shuckle,"I Can Haz Battle, Meow?"
Tangela,"I Can Haz Battle, Meow?"
Jynx,"I Can Haz Battle, Meow?"
Shroomish,"I Can Haz Battle, Meow?"
Phanpy,"I Can Haz Battle, Meow?"
Woobat,"I Can Haz Battle, Meow?"
Stunky,"I Can Haz Battle, Meow?"
Combee,"I Can Haz Battle, Meow?"
Seedot,"I Can Haz Battle, Meow?"
Galarian Mr. Mime,"I Can Haz Battle, Meow?"
Wiglett,"I Can Haz Battle, Meow?"
